Nausea,Tiredness,Urinary Frequency,Back Pain,Poor sleep,
Urinary Frequency,Poor sleep,Tiredness,Vaginal discharge,Back Pain,Headache,Vivid Dreams,Nipple Change,
Back Pain,Urinary Frequency,Nausea,Forgetfulness,Headache,
Tiredness,Vaginal discharge,Poor sleep,Urinary Frequency,Nipple Change,
Poor sleep,Tiredness,Forgetfulness,Headache,Vivid Dreams,Vaginal discharge,Back Pain,Taste Change,
Urinary Frequency,Poor sleep,Tiredness,Vaginal discharge,Back Pain,Headache,Vivid Dreams,Nipple Change,
Tiredness,Poor sleep,Urinary Frequency,Vivid Dreams,Taste Change,
Poor sleep,Forgetfulness,Vivid Dreams,Taste Change,Nipple Change,Headache,
Poor sleep,Tiredness,Forgetfulness,Headache,Vivid Dreams,Vaginal discharge,Back Pain,Taste Change,
Vaginal discharge,Nausea,Urinary Frequency,Vivid Dreams,Taste Change,
Back Pain,Vivid Dreams,Tiredness,Taste Change,Poor sleep,Headache,Nipple Change,
Poor sleep,Tiredness,Headache,Nausea,Back Pain,
Urinary Frequency,Poor sleep,Tiredness,Vaginal discharge,Back Pain,Headache,Vivid Dreams,Nipple Change,
Poor sleep,Tiredness,Forgetfulness,Headache,Vivid Dreams,Vaginal discharge,Back Pain,Taste Change,
Back Pain,Urinary Frequency,Forgetfulness,Headache,Vivid Dreams,Taste Change,
Nausea,Vaginal discharge,Vivid Dreams,Poor sleep,Headache,Taste Change,Nipple Change,
Poor sleep,Headache,Taste Change,Vivid Dreams,Nausea,Urinary Frequency,Vaginal discharge,Back Pain,Nipple Change
Poor sleep,Tiredness,Forgetfulness,Headache,Vivid Dreams,Vaginal discharge,Back Pain,Taste Change,
Urinary Frequency,Headache,Back Pain,Taste Change,Vivid Dreams,Forgetfulness,
Forgetfulness,Poor sleep,Vivid Dreams,Vaginal discharge,Headache,Nipple Change,
Tiredness,Forgetfulness,Vaginal discharge,Taste Change,Vivid Dreams,Nausea,Headache,Nipple Change,
Urinary Frequency,Poor sleep,Tiredness,Vaginal discharge,Back Pain,Headache,Vivid Dreams,Nipple Change,
Vaginal discharge,Nausea,Urinary Frequency,Vivid Dreams,Taste Change,
Urinary Frequency,Poor sleep,Tiredness,Vaginal discharge,Back Pain,Headache,Vivid Dreams,Nipple Change,
Tiredness,Vaginal discharge,Nausea,Taste Change,Urinary Frequency,Nipple Change,
Poor sleep,Headache,Vivid Dreams,Vaginal discharge,
Poor sleep,Tiredness,Forgetfulness,Headache,Vivid Dreams,Vaginal discharge,Back Pain,Taste Change,
Back Pain,Headache,Tiredness,Forgetfulness,Nipple Change,
Nausea,Urinary Frequency,Nipple Change,Vivid Dreams,Poor sleep,Taste Change,Back Pain,
Poor sleep,Vaginal discharge,Taste Change,Tiredness,Forgetfulness,
Urinary Frequency,Vivid Dreams,Taste Change,Headache,Nausea,Tiredness,Nipple Change,
Vaginal discharge,Headache,Forgetfulness,Poor sleep,Vivid Dreams,
Tiredness,Vivid Dreams,Headache,Urinary Frequency,Taste Change,Vaginal discharge,
Urinary Frequency,Poor sleep,Tiredness,Vaginal discharge,Back Pain,Headache,Vivid Dreams,Nipple Change,
Poor sleep,Forgetfulness,Nipple Change,Taste Change,Headache,
Poor sleep,Urinary Frequency,Nausea,Vaginal discharge,Tiredness,
Nausea,Headache,Vaginal discharge,Taste Change,Nipple Change,Urinary Frequency,
Urinary Frequency,Back Pain,Taste Change,Nausea,Headache,Nipple Change,
Tiredness,Urinary Frequency,Vivid Dreams,Back Pain,Poor sleep,Nausea,
Urinary Frequency,Poor sleep,Tiredness,Vaginal discharge,Back Pain,Headache,Vivid Dreams,Nipple Change,
Poor sleep,Tiredness,Forgetfulness,Headache,Vivid Dreams,Vaginal discharge,Back Pain,Taste Change,
Poor sleep,Forgetfulness,Headache,Tiredness,Vaginal discharge,Taste Change,
Vaginal discharge,Nausea,Urinary Frequency,Vivid Dreams,Taste Change,
Back Pain,Poor sleep,Nausea,Tiredness,Urinary Frequency,Taste Change,Nipple Change,
Poor sleep,Vivid Dreams,Headache,Back Pain,Vaginal discharge,Nausea,Taste Change,Nipple Change,
Tiredness,Headache,Vivid Dreams,Nausea,Forgetfulness,Back Pain,
Forgetfulness,Nausea,Poor sleep,Vaginal discharge,Vivid Dreams,Taste Change,Nipple Change,
Vaginal discharge,Nausea,Urinary Frequency,Vivid Dreams,Taste Change,
Tiredness,Vaginal discharge,Forgetfulness,Taste Change,Vivid Dreams,Poor sleep,
Poor sleep,Back Pain,Headache,Nausea,Forgetfulness,Urinary Frequency,Vivid Dreams,
Urinary Frequency,Poor sleep,Tiredness,Vaginal discharge,Back Pain,Headache,Vivid Dreams,Nipple Change,
Poor sleep,Tiredness,Forgetfulness,Headache,Vivid Dreams,Vaginal discharge,Back Pain,Taste Change,
Vaginal discharge,Nausea,Urinary Frequency,Vivid Dreams,Taste Change,
Vaginal discharge,Nausea,Urinary Frequency,Vivid Dreams,Taste Change,
Poor sleep,Tiredness,Forgetfulness,Headache,Vivid Dreams,Vaginal discharge,Back Pain,Taste Change,
Poor sleep,Forgetfulness,Headache,Tiredness,Vaginal discharge,Taste Change,
Vaginal discharge,Nausea,Urinary Frequency,Vivid Dreams,Taste Change,
Tiredness,Vaginal discharge,Poor sleep,Urinary Frequency,Nipple Change,
Poor sleep,Tiredness,Forgetfulness,Headache,Vivid Dreams,Vaginal discharge,Back Pain,Taste Change,
Urinary Frequency,Poor sleep,Tiredness,Vaginal discharge,Back Pain,Headache,Vivid Dreams,Nipple Change,
Tiredness,Poor sleep,Urinary Frequency,Vivid Dreams,Taste Change,
Poor sleep,Forgetfulness,Vivid Dreams,Taste Change,Nipple Change,Headache,
Poor sleep,Tiredness,Forgetfulness,Headache,Vivid Dreams,Vaginal discharge,Back Pain,Taste Change,
Vaginal discharge,Nausea,Urinary Frequency,Vivid Dreams,Taste Change,
Back Pain,Vivid Dreams,Tiredness,Taste Change,Poor sleep,Headache,Nipple Change,
Poor sleep,Tiredness,Headache,Nausea,Back Pain,